{
    "block.slime_block.break": {
        "replace": true,
        "sounds": [
            "mob/turtle/egg/egg_crack1",
            "mob/turtle/egg/egg_crack2",
            "mob/turtle/egg/egg_crack3",
            "mob/turtle/egg/egg_crack4",
            "mob/turtle/egg/egg_crack5"
        ]
    },
    "block.slime_block.place": {
        "replace": true,
        "sounds": [
            "dig/stone1",
            "dig/stone2",
            "dig/stone3",
            "dig/stone4"
        ]
    },
    "block.slime_block.step": {
        "replace": true
    },
    "item.honey_bottle.drink": {
        "replace": true,
        "sounds": [
            "random/eat1",
            "random/eat2",
            "random/eat3"
        ]
    },
    "entity.snowball.throw": {
        "replace": true,
        "sounds": [
            "mob/turtle/egg/egg_break1",
            "mob/turtle/egg/egg_break2"
        ]
    },
    "entity.player.levelup": {
        "replace": true
    },
    "entity.experience_orb.pickup": {
        "replace": true
    }
}
